id,type,x,y
0,2,-90.24446421,38.58367029
1,8,-90.18778501,38.6303097
2,2,-90.19470643,38.63197552
3,2,-90.2387281,38.62154875
4,6,-90.24150401,38.65170234
5,4,-90.22271168,38.72808018
6,3,-90.27731697,38.60605365
7,6,-90.26315272,38.59385036
8,2,-90.20929917,38.6130823
9,2,-90.22342607,38.60507921
10,4,-90.25847718,38.67064143
11,2,-90.21240017,38.63126797
12,2,-90.20373481,38.62516688
13,3,-90.28583495,38.66937668
14,2,-90.24046607,38.62278279
15,6,-90.23456089,38.60384187
16,2,-90.2349451,38.58862477
17,2,-90.24415052,38.71567102
18,6,-90.26775379,38.67445505
19,2,-90.22501305,38.63194084
20,2,-90.26722216,38.58640605
21,2,-90.25942626,38.67852961
22,2,-90.24956446,38.63734227
23,8,-90.19826067,38.63223736
24,2,-90.27069178,38.65385557
25,2,-90.30016742,38.65058983
26,6,-90.20501981,38.63738397
27,2,-90.2622926,38.64488714
28,5,-90.28795348,38.62714016
29,2,-90.2706985,38.590411
30,3,-90.19507892,38.63172387
31,2,-90.25629597,38.64019301
32,2,-90.21296164,38.66076867
33,2,-90.26642232,38.58664609
34,3,-90.20513109,38.64662425
35,2,-90.21679615,38.6721433
36,2,-90.26241775,38.59125945
37,2,-90.28104041,38.60570645
38,5,-90.22048752,38.65514131
39,2,-90.26365112,38.64425009
40,6,-90.24244716,38.61810262
41,2,-90.2349384,38.58292693
42,6,-90.23319045,38.63183346
43,3,-90.2240037,38.64118671
44,6,-90.23650467,38.6752071
45,2,-90.20435447,38.61005489
46,3,-90.2449318,38.60813486
47,5,-90.2762715,38.58356242
48,3,-90.26406661,38.70062977
49,3,-90.20053765,38.63170776
50,7,-90.28565487,38.58767693
51,3,-90.1974557,38.6379358
52,2,-90.26974481,38.56190153
53,2,-90.1928578,38.63055653
54,7,-90.19780062,38.62399293
55,7,-90.26623812,38.68242612
56,5,-90.2584526,38.64208942
57,2,-90.18927836,38.63031643
58,3,-90.23152109,38.59611337
59,2,-90.2488478,38.56766543
60,2,-90.23220307,38.67533463
61,3,-90.25118286,38.69971339
62,2,-90.25888755,38.63965744
63,2,-90.2782982,38.57761801
64,2,-90.27493731,38.59059497
65,8,-90.25852392,38.55638043
66,8,-90.26552089,38.63133431
67,6,-90.23164272,38.63898578
68,2,-90.27820768,38.5910131
69,2,-90.23502543,38.7165184
70,2,-90.23635988,38.70998897
71,3,-90.24641839,38.67054177
72,3,-90.25820415,38.64058964
73,5,-90.21211123,38.66359211
74,6,-90.20840592,38.60454574
75,3,-90.24888987,38.71242194
76,2,-90.20626134,38.64714057
77,2,-90.21842801,38.58613957
78,2,-90.23235552,38.57973576
79,2,-90.21850623,38.68518219
80,2,-90.25796271,38.66958319
81,2,-90.28318448,38.62327889
82,2,-90.24221358,38.56638155
83,2,-90.23310966,38.64937143
84,8,-90.2582117,38.67927673
85,2,-90.22930989,38.59318386
86,2,-90.18938413,38.63752473
87,2,-90.25290577,38.59930183
88,2,-90.27932132,38.5763829
89,8,-90.18727644,38.63166483
90,6,-90.22292949,38.59316069
91,8,-90.1852909,38.63108835
92,2,-90.24211818,38.60108538
93,2,-90.23701453,38.69171107
94,2,-90.20049664,38.63045826
95,2,-90.2431021,38.72119069
96,2,-90.29751956,38.57211783
97,2,-90.27540925,38.66309922
98,3,-90.22656189,38.65779998
99,2,-90.30682039,38.58931466
100,2,-90.29658122,38.57169965
101,2,-90.25058774,38.71478154
102,2,-90.2184643,38.61742405
103,6,-90.2312886,38.63171378
104,2,-90.23111557,38.58438454
105,2,-90.24218568,38.60187635
106,2,-90.22314723,38.72921526
107,3,-90.19665949,38.63305425
108,2,-90.26415704,38.69496793
109,2,-90.2475359,38.69392274
110,6,-90.26628844,38.58164821
111,2,-90.24476692,38.57583513
112,5,-90.23826802,38.61263445
113,2,-90.2767373,38.5801199
114,5,-90.24256113,38.59884567
115,5,-90.23173006,38.57822708
116,2,-90.24458253,38.71413153
117,2,-90.20193157,38.62402824
118,6,-90.21498072,38.6299837
119,2,-90.20609092,38.66228657
120,2,-90.2302995,38.59408132
121,5,-90.28269526,38.65466107
122,6,-90.27596312,38.65000504
123,2,-90.19556949,38.6334331
124,2,-90.25423713,38.6148109
125,6,-90.19319115,38.63702404
126,2,-90.27024523,38.62854834
127,2,-90.19270664,38.62824407
128,2,-90.20360325,38.61537459
129,2,-90.1999809,38.59964218
130,3,-90.27382684,38.66413137
131,2,-90.20486213,38.63066981
132,2,-90.2592116,38.67787839
133,6,-90.29212639,38.62909176
134,2,-90.23032451,38.6141404
135,5,-90.25497365,38.71302246
136,2,-90.29775262,38.57844161
137,2,-90.20467926,38.61824406
138,3,-90.22861182,38.70940284
139,3,-90.26041467,38.65145153
140,2,-90.2386341,38.59835643
141,2,-90.23888194,38.60112763
142,3,-90.20054771,38.6417441
143,2,-90.28033544,38.65417888
144,2,-90.2846482,38.57588921
145,8,-90.19928887,38.6319764
146,8,-90.19749073,38.63160107
147,3,-90.22227268,38.7055602
148,2,-90.24308578,38.6444319
149,2,-90.22865545,38.59313291
150,2,-90.22571769,38.64546063
151,2,-90.24380857,38.59126413
152,2,-90.25172638,38.62737919
153,2,-90.24204844,38.68618382
154,2,-90.22332284,38.63541868
155,6,-90.22725241,38.65929536
156,3,-90.25343904,38.66644891
157,2,-90.18574764,38.63399751
158,2,-90.28750769,38.62921527
159,2,-90.25908866,38.69960638
160,3,-90.21359336,38.63527719
161,2,-90.25337587,38.5703065
162,2,-90.23477238,38.59192225
163,2,-90.19179046,38.63349735
164,2,-90.26204751,38.70159772
165,2,-90.24814682,38.56678137
166,3,-90.24271595,38.67920523
167,2,-90.23408958,38.62620088
168,6,-90.25863444,38.70067634
169,2,-90.26465245,38.5499649
170,2,-90.22385578,38.6512666
171,2,-90.24396026,38.59899153
172,5,-90.26561157,38.58561475
173,2,-90.20600555,38.61735772
174,2,-90.23130068,38.67160088
175,2,-90.19123466,38.62252869
176,2,-90.18556965,38.63900008
177,5,-90.26364051,38.64321486
178,3,-90.25547213,38.66533284
179,2,-90.28084507,38.58720121
180,2,-90.26187735,38.640545
181,3,-90.20054858,38.63665318
182,2,-90.28667076,38.63061142
183,2,-90.25428466,38.610931
184,2,-90.20121374,38.63438127
185,2,-90.29199303,38.60387841
186,2,-90.29138603,38.65106877
187,2,-90.19741184,38.63354497
188,2,-90.27497809,38.5928879
189,2,-90.28323078,38.63859298
190,2,-90.26070421,38.64799227
191,3,-90.23936019,38.72299468
192,2,-90.2263046,38.63770755
193,3,-90.2191867,38.65349614
194,2,-90.26110615,38.6625519
195,3,-90.24124869,38.59921348
196,3,-90.24289765,38.65690341
197,3,-90.22098372,38.63925466
198,3,-90.2620103,38.65782804
199,2,-90.18537103,38.630295
200,3,-90.19819164,38.63934911
201,2,-90.23428975,38.64319307
202,2,-90.26979649,38.66771241
203,2,-90.2255966,38.60006751
204,8,-90.1959329,38.63127301
205,3,-90.24763038,38.57523586
206,2,-90.23899751,38.69183084
207,2,-90.23660455,38.68895602
208,2,-90.23338312,38.60504191
209,7,-90.26691088,38.6812989
210,3,-90.19984748,38.61067223
211,2,-90.24762401,38.66045592
212,2,-90.24286587,38.62091812
213,7,-90.22556259,38.68133549
214,2,-90.26213894,38.58488556
215,2,-90.27318016,38.59229406
216,7,-90.25189959,38.67653684
217,2,-90.23854759,38.62287188
218,2,-90.2614181,38.54187864
219,2,-90.23459022,38.71279674
220,3,-90.26441746,38.54953743
221,2,-90.20807324,38.6078867
222,2,-90.25623874,38.64540739
223,3,-90.23998686,38.6395538
224,3,-90.21507949,38.66074089
225,3,-90.26919617,38.67349409
226,3,-90.22853996,38.72516127
227,1,-90.25497124,38.70520493
228,2,-90.18949816,38.63016324
229,6,-90.27673693,38.59560426
230,2,-90.30142189,38.61321449
231,3,-90.20161166,38.64175781
232,3,-90.28902376,38.67042318
233,6,-90.26337695,38.63424616
234,2,-90.2883079,38.65469608
235,7,-90.23009784,38.58626591
236,2,-90.20562734,38.61552524
237,2,-90.2594456,38.66845768
238,6,-90.26022224,38.7073631
239,7,-90.2612118,38.69927299
240,2,-90.27476324,38.6716597
241,2,-90.21906728,38.67510336
242,6,-90.2404557,38.68844291
243,3,-90.18164944,38.63141625
244,2,-90.26345727,38.59945818
245,2,-90.20327241,38.60613646
246,2,-90.25127828,38.62799607
247,6,-90.20506788,38.63103553
248,2,-90.25299806,38.66268334
249,2,-90.22759381,38.58500796
250,3,-90.20770496,38.63197851
251,2,-90.24728852,38.55998686
252,2,-90.22595812,38.59296737
253,6,-90.19304487,38.62403821
254,2,-90.26279234,38.5501292
255,2,-90.25421041,38.5532644
256,2,-90.25202063,38.5565261
257,8,-90.25340784,38.68554931
258,2,-90.30197144,38.62451491
259,2,-90.23783594,38.71940516
260,2,-90.2682528,38.53795136
261,6,-90.19347584,38.61398652
262,2,-90.19516456,38.63762232
263,2,-90.18999773,38.62227005
264,6,-90.25797563,38.7045357
265,8,-90.25810854,38.67880972
266,2,-90.26929297,38.6687631
267,2,-90.18370739,38.62968916
268,2,-90.19202132,38.63640588
269,2,-90.28154624,38.66079329
270,2,-90.19994586,38.63309293
271,8,-90.25150989,38.67587974
272,2,-90.24666824,38.6976333
273,2,-90.24941061,38.70681596
274,2,-90.25213774,38.6401733
275,2,-90.26802715,38.66138235
276,2,-90.19832655,38.63372307
277,2,-90.29277856,38.59891516
278,2,-90.27711319,38.67843285
279,8,-90.18607072,38.62967356
280,2,-90.26123982,38.54789495
281,2,-90.23939834,38.63143007
282,2,-90.26687318,38.65112134
283,2,-90.18411986,38.63285906
284,3,-90.19618599,38.62306337
285,2,-90.30013845,38.6001142
286,5,-90.27184657,38.59202236
287,2,-90.27861782,38.6488266
288,3,-90.26336107,38.54218656
289,2,-90.24612207,38.57423829
290,2,-90.25537101,38.71211715
291,2,-90.23073574,38.67766802
292,6,-90.23107992,38.66291783
293,2,-90.20611823,38.63339967
294,3,-90.23194423,38.60464596
295,2,-90.2491407,38.67523489
296,7,-90.22014477,38.67491648
297,2,-90.25077461,38.71355178
298,6,-90.24511693,38.66656012
299,6,-90.19280452,38.64615593
300,3,-90.27155069,38.68815906
301,6,-90.23044719,38.59613012
302,3,-90.2239867,38.59602994
303,6,-90.26367603,38.58502871
304,2,-90.24514694,38.65413771
305,2,-90.25730281,38.57611772
306,2,-90.25134499,38.6274333
307,3,-90.31706605,38.58800209
308,2,-90.27302789,38.59975996
309,2,-90.23876931,38.69195665
310,2,-90.22000489,38.67476787
311,2,-90.18812284,38.6267519
312,3,-90.23137853,38.7138301
313,2,-90.19260678,38.63195355
314,2,-90.27983376,38.5813175
315,2,-90.25875785,38.54801645
316,1,-90.25384256,38.69527618
317,2,-90.19514579,38.62982112
318,2,-90.26229711,38.59919771
319,2,-90.28236146,38.6689172
320,2,-90.23365476,38.63445138
321,6,-90.20586752,38.61773082
322,6,-90.2067079,38.6718411
323,2,-90.30776521,38.62217131
324,2,-90.19150963,38.62763133
325,6,-90.22343483,38.64563099
326,2,-90.26662565,38.5946262
327,2,-90.28045505,38.60647696
328,5,-90.25451228,38.57154045
329,8,-90.26541665,38.63109521
330,2,-90.25650849,38.56096145
331,2,-90.30541708,38.63712447
332,2,-90.1936476,38.6350674
333,8,-90.23472065,38.63144427
334,5,-90.19938306,38.62358786
335,3,-90.26297076,38.65414773
336,2,-90.24779748,38.69316544
337,2,-90.24680632,38.57621466
338,3,-90.22641306,38.59598621
339,6,-90.26390882,38.59342627
340,2,-90.26473351,38.64410399
341,3,-90.19717185,38.6275967
342,5,-90.29467594,38.59665036
343,7,-90.22687449,38.69737457
344,6,-90.23105408,38.59289681
345,2,-90.21058995,38.66112803
346,3,-90.26070498,38.65302553
347,3,-90.24063181,38.687312
348,2,-90.25889602,38.63963549
349,2,-90.30067983,38.6497889
350,2,-90.27210691,38.64875644
351,2,-90.20121161,38.61422895
352,3,-90.25935762,38.56246251
353,2,-90.23984764,38.61355786
354,2,-90.24429536,38.59902521
355,2,-90.19194798,38.65460009
356,8,-90.18574793,38.63136692
357,6,-90.24981222,38.5913238
358,8,-90.18702161,38.63270485
359,2,-90.25271075,38.67035753
360,7,-90.25659103,38.54623396
361,2,-90.26640655,38.66897704
362,6,-90.19387603,38.61749137
363,3,-90.25845969,38.55571797
364,2,-90.23503614,38.68759601
365,2,-90.23914877,38.69494502
366,2,-90.28617836,38.61795181
367,2,-90.22426267,38.60099524
368,2,-90.26504696,38.69980248
369,3,-90.24358128,38.56023198
370,8,-90.19281647,38.61776044
371,3,-90.20193193,38.66560957
372,6,-90.26473439,38.54177276
373,2,-90.26365095,38.5837161
374,3,-90.2287286,38.72189961
375,2,-90.24442722,38.70046493
376,3,-90.25535263,38.59376018
377,2,-90.24520461,38.69349756
378,2,-90.19737257,38.64995993
379,2,-90.1944245,38.65071838
380,3,-90.29838042,38.58761991
381,2,-90.24335282,38.62345093
382,2,-90.24193037,38.59929736
383,2,-90.27074686,38.65195826
384,7,-90.23241501,38.68172756
385,2,-90.24651639,38.67920254
386,8,-90.19810666,38.63172897
387,3,-90.18771056,38.62616866
388,6,-90.19406631,38.62592184
389,2,-90.21726278,38.63123039
390,2,-90.2398035,38.69565767
391,2,-90.21011705,38.61743662
392,2,-90.28452662,38.58005486
393,2,-90.250968,38.67304756
394,2,-90.25578055,38.71257383
395,2,-90.2277196,38.63995701
396,2,-90.29970576,38.65542185
397,2,-90.26831549,38.5762658
398,2,-90.25432773,38.68321724
399,3,-90.25569021,38.66557219
400,2,-90.22122437,38.67174754
401,3,-90.24956968,38.65566026
402,2,-90.22953346,38.63624874
403,5,-90.25715715,38.56659996
404,3,-90.27075011,38.67268711
405,6,-90.26997999,38.57183492
406,8,-90.19850521,38.63244119
407,7,-90.2455274,38.58455406
408,2,-90.23577595,38.66695403
409,2,-90.25860984,38.66785186
410,2,-90.24129183,38.61497521
411,3,-90.24925508,38.58754145
412,6,-90.26653154,38.6996105
413,2,-90.26310192,38.63367171
414,2,-90.24889904,38.6214502
415,3,-90.24183638,38.60238633
416,2,-90.22756347,38.72615575
417,2,-90.25543313,38.6940878
418,2,-90.21220265,38.66910061
419,2,-90.23751962,38.65040563
420,8,-90.19792043,38.63231337
421,2,-90.21167823,38.61608125
422,8,-90.18453817,38.6340629
423,2,-90.2399989,38.59249415
424,5,-90.20165529,38.6406925
425,2,-90.20210368,38.61440696
426,3,-90.24391371,38.58087372
427,2,-90.24950434,38.66527079
428,7,-90.28181764,38.56015022
429,2,-90.23520995,38.56975799
430,2,-90.24417463,38.62100611
431,2,-90.2702875,38.60157792
432,2,-90.19790075,38.66176595
433,2,-90.29182304,38.61898897
434,6,-90.26013334,38.61609176
435,2,-90.22924473,38.71627999
436,6,-90.23171763,38.58279053
437,3,-90.26348139,38.65359683
438,2,-90.25275567,38.71766382
439,2,-90.2306232,38.66077498
440,2,-90.24228435,38.58122986
441,6,-90.25758115,38.70834617
442,2,-90.21104939,38.66410298
443,2,-90.25497013,38.60952653
444,3,-90.25383906,38.66009298
445,2,-90.2949796,38.56443107
446,6,-90.2219565,38.60874978
447,3,-90.18744711,38.64742133
448,3,-90.26323528,38.54909349
449,2,-90.18813054,38.63725505
450,6,-90.23130886,38.6050811
451,2,-90.20794589,38.61884263
452,2,-90.19604451,38.64836386
453,2,-90.20826611,38.61297539
454,2,-90.28687641,38.61293627
455,2,-90.24486559,38.61665258
456,2,-90.23771747,38.57206309
457,2,-90.25227687,38.56674296
458,2,-90.2302138,38.58884187
459,2,-90.22155806,38.59358305
460,3,-90.22613838,38.67217653
461,6,-90.2524106,38.55630917
462,2,-90.2852993,38.56844532
463,6,-90.24094681,38.6808873
464,6,-90.25418563,38.57717334
465,2,-90.23604725,38.71304443
466,2,-90.18319242,38.63001453
467,2,-90.24721657,38.71147924
468,3,-90.22696093,38.66144472
469,3,-90.25103653,38.6406103
470,2,-90.2890848,38.65259961
471,4,-90.24141448,38.67358425
472,2,-90.26107939,38.55062301
473,2,-90.22775269,38.58657077
474,3,-90.26959349,38.65990814
475,2,-90.2479319,38.64355277
476,2,-90.23869497,38.57847267
477,3,-90.23870296,38.5760741
478,2,-90.21858989,38.62953112
479,2,-90.18591924,38.62379414
480,6,-90.19779879,38.63993846
481,2,-90.1879446,38.61497417
482,3,-90.20624052,38.64615199
483,6,-90.19848895,38.62562578
484,3,-90.22914095,38.65700417
485,6,-90.2533978,38.6187111
486,2,-90.20454654,38.63054545
487,2,-90.26979541,38.64967179
488,3,-90.26686465,38.59115581
489,2,-90.22752272,38.61038847
490,2,-90.25290286,38.61137294
491,2,-90.26698276,38.64972389
492,2,-90.18150245,38.63528484
493,6,-90.25649383,38.56095318
494,2,-90.24947117,38.69116453
495,2,-90.26819102,38.65063793
496,2,-90.26163103,38.55744701
497,2,-90.2472176,38.57693938
498,2,-90.24865152,38.63861167
499,2,-90.27211406,38.68020255
500,2,-90.22477008,38.67514163
501,2,-90.26068365,38.56736401
502,2,-90.26698742,38.57676732
503,2,-90.2530788,38.61854842
504,2,-90.25012785,38.61200135
505,2,-90.22469709,38.59343945
506,2,-90.26904795,38.650722
507,2,-90.2722003,38.65166179
508,2,-90.24089661,38.69140671
509,2,-90.23543922,38.59755293
510,2,-90.24263856,38.59147026
511,3,-90.21819415,38.66962045
512,2,-90.27374235,38.67139412
513,2,-90.1923384,38.6329908
514,2,-90.27085304,38.65907586
515,3,-90.25961865,38.62862859
516,2,-90.2710634,38.68550832
517,2,-90.23408616,38.65886626
518,2,-90.24080435,38.60085456
519,1,-90.25618148,38.7127806
520,2,-90.26799989,38.65061833
521,3,-90.2629861,38.63599452
522,2,-90.25400462,38.61197662
523,3,-90.25215843,38.66262665
524,2,-90.26070994,38.6485854
525,2,-90.23701243,38.65715119
526,2,-90.24538194,38.613257
527,2,-90.24784594,38.56160214
528,3,-90.24019409,38.59541626
529,4,-90.26583015,38.67195244
530,6,-90.19372667,38.6282495
531,2,-90.22919798,38.67403439
532,2,-90.21571656,38.5968147
533,2,-90.22934038,38.66830952
534,7,-90.25291712,38.69641926
535,2,-90.23849157,38.68134315
536,3,-90.22823827,38.58351018
537,3,-90.25844606,38.54589208
538,2,-90.26547052,38.65098124
539,7,-90.22736267,38.58285186
540,2,-90.2848877,38.64777014
541,7,-90.21234884,38.6667038
542,5,-90.28179235,38.6038873
543,8,-90.19718652,38.63251467
544,8,-90.2179696,38.62702261
545,8,-90.25978668,38.61876283
546,8,-90.23920355,38.61668403
547,3,-90.25354563,38.6570142
548,8,-90.24364331,38.59159328
549,8,-90.28819178,38.61883966
550,2,-90.2211913,38.59016623
551,2,-90.30530889,38.57625739
552,2,-90.22445989,38.5855608
553,2,-90.23496992,38.60480662
554,2,-90.25899266,38.54544534
555,2,-90.2790307,38.65359978
556,7,-90.21323631,38.64580964
557,6,-90.2311574,38.68490442
558,6,-90.25565493,38.62688221
559,6,-90.24020082,38.60219049
560,2,-90.20701675,38.62698196
561,2,-90.26186238,38.64422175
562,2,-90.31199951,38.58728286
563,2,-90.26937571,38.59235527
564,2,-90.19769566,38.62681546
565,3,-90.24060348,38.69195524
566,6,-90.21169537,38.66825637
567,6,-90.23088828,38.59925876
568,3,-90.21738776,38.60536409
569,2,-90.21770549,38.65821554
570,6,-90.26415344,38.62569419
571,8,-90.18524382,38.63400988
572,3,-90.2863597,38.65450307
573,6,-90.24484934,38.69477637
574,2,-90.28274431,38.65256603
575,8,-90.22532444,38.59362216
576,2,-90.28280929,38.65215152
577,2,-90.28858724,38.62362378
578,8,-90.19115615,38.63022529
579,8,-90.22475157,38.59538919
580,6,-90.2543037,38.62812603
581,6,-90.20140291,38.65670875
582,6,-90.23236492,38.59219136
583,2,-90.19376955,38.62664599
584,2,-90.22646132,38.61885168
585,3,-90.26157542,38.70098992
586,2,-90.20736878,38.65989809
587,2,-90.21909933,38.64269078
588,2,-90.23770021,38.60555966
589,2,-90.1852533,38.63088231
590,2,-90.27215826,38.61815876
591,2,-90.24230607,38.58043633
592,3,-90.26462227,38.67285617
593,6,-90.26264737,38.54912635
594,2,-90.28315532,38.62970704
595,2,-90.24314045,38.67638063
596,6,-90.22196206,38.58581301
597,2,-90.25897361,38.62399214
598,2,-90.29263419,38.62889496
599,2,-90.26430719,38.54818345
600,2,-90.26122616,38.58954356
601,2,-90.29388434,38.62164793
602,2,-90.25268945,38.69049315
603,2,-90.20572974,38.67240705
604,2,-90.25721358,38.59482947
605,2,-90.25053185,38.71845815
606,2,-90.30247409,38.606648
607,2,-90.2300616,38.58959116
608,5,-90.26426662,38.5422952
609,2,-90.27024269,38.66969033
610,6,-90.27880425,38.66904508
611,2,-90.2213634,38.61506126
612,2,-90.25691791,38.57148094
613,2,-90.25831732,38.6282607
614,2,-90.27191607,38.55057625
615,7,-90.24555581,38.68633978
616,2,-90.19090732,38.6310237
617,2,-90.28615967,38.66807023
618,2,-90.29423176,38.59351921
619,6,-90.26982156,38.58158382
620,2,-90.28702922,38.62611975
621,2,-90.28577647,38.60832934
622,2,-90.20799651,38.65848002
623,2,-90.2940936,38.58590722
624,2,-90.19262599,38.61581033
625,6,-90.23520367,38.58690365
626,6,-90.21841727,38.61763538
627,2,-90.25457291,38.60326497
628,2,-90.22095607,38.59408413
629,2,-90.25167669,38.62767839
630,2,-90.24807172,38.65781807
631,2,-90.26888548,38.64832176
632,6,-90.2250587,38.58724547
633,3,-90.2363149,38.59491331
634,2,-90.27517384,38.5795949
635,2,-90.22716285,38.58286787
636,2,-90.2850478,38.648564
637,3,-90.20215653,38.65527181
638,2,-90.31129223,38.59217773
639,3,-90.23251028,38.57686797
640,2,-90.27979144,38.66853071
641,2,-90.20547288,38.60690538
642,2,-90.24349837,38.59093119
643,2,-90.27834542,38.57135871
644,3,-90.2639789,38.70045111
645,6,-90.25234418,38.62545561
646,2,-90.18516333,38.63000063
647,2,-90.20011994,38.6251714
648,3,-90.26659775,38.5446452
649,6,-90.23651275,38.67233491
650,2,-90.28246288,38.65102506
651,3,-90.20281228,38.64250775
652,2,-90.1919168,38.62368926
653,3,-90.26652295,38.57750175
654,3,-90.20569739,38.7420233
655,3,-90.20523751,38.63107166
656,2,-90.21992773,38.61146341
657,2,-90.23145742,38.61263824
658,2,-90.24623658,38.5906049
659,3,-90.18832449,38.6273126
660,6,-90.28963082,38.6094402
661,2,-90.21683464,38.58715721
662,2,-90.24628006,38.57327645
663,2,-90.20181056,38.64107458
664,2,-90.22627674,38.60322692
665,2,-90.29803976,38.62366245
666,2,-90.2624319,38.58537218
667,2,-90.26274872,38.6370622
668,2,-90.22697758,38.66960558
669,3,-90.23549988,38.57195897
670,2,-90.30805561,38.59870506
671,3,-90.23145311,38.6566745
672,2,-90.20240069,38.63425798
673,5,-90.30823801,38.58472577
674,2,-90.22602718,38.5820689
675,2,-90.25422686,38.64181427
676,2,-90.25026849,38.59303275
677,2,-90.26590076,38.63734864
678,6,-90.23798208,38.57634846
679,2,-90.27170244,38.64987049
680,3,-90.25847741,38.54739062
681,2,-90.2537691,38.59271889
682,2,-90.22822491,38.59281064
683,2,-90.21319239,38.6643801
684,6,-90.23991496,38.58433852
685,2,-90.24877106,38.58749098
686,3,-90.22838858,38.5884642
687,2,-90.26961598,38.60267772
688,6,-90.25711055,38.61678024
689,2,-90.24562833,38.67396968
690,2,-90.22412669,38.63504164
691,2,-90.1837593,38.63094144
692,2,-90.19417161,38.62099319
693,3,-90.25345273,38.61646779
694,2,-90.25471654,38.54921353
695,2,-90.23586308,38.59226796
696,6,-90.263066,38.59415498
697,2,-90.24092869,38.71427177
698,2,-90.20976676,38.63296668
699,2,-90.21834044,38.64300199
700,2,-90.24214274,38.59383067
701,2,-90.25091545,38.67689171
702,2,-90.27230767,38.64993482
703,2,-90.27264852,38.64889204
704,2,-90.27181953,38.64861584
705,6,-90.24759765,38.61685896
706,6,-90.20155236,38.61899125
707,7,-90.19051665,38.63721196
708,3,-90.20502448,38.63863612
709,2,-90.24060086,38.60916879
710,2,-90.28507769,38.66399058
711,2,-90.21665882,38.63917012
712,2,-90.30066568,38.64996461
713,2,-90.22675507,38.60877207
714,2,-90.25002472,38.62991829
715,2,-90.27047695,38.65039805
716,2,-90.2629962,38.65078678
717,2,-90.23291825,38.58345505
718,3,-90.27419384,38.6838806
719,3,-90.20392498,38.61816252
720,2,-90.22174571,38.63577465
721,2,-90.27099746,38.65045399
722,3,-90.25081722,38.62750357
723,6,-90.22225268,38.5881093
724,2,-90.26736948,38.64816498
725,2,-90.23439155,38.57534496
726,3,-90.196148,38.63131751
727,4,-90.26124946,38.6771906
728,2,-90.27400912,38.68658495
729,6,-90.22601458,38.67506493
730,3,-90.19230064,38.61897278
731,6,-90.19978991,38.63271085
732,3,-90.18548552,38.63750333
733,2,-90.26847012,38.64899917
734,6,-90.25208127,38.55943831
735,3,-90.23074278,38.67419996
736,2,-90.29133507,38.58432341
737,2,-90.25630803,38.59473423
738,2,-90.19833354,38.63372584
739,2,-90.25261076,38.65574911
740,2,-90.20271344,38.63473656
741,2,-90.18378438,38.63009302
742,2,-90.24737289,38.57195115
743,3,-90.27239308,38.67550212
744,2,-90.26859677,38.61047964
745,2,-90.26283685,38.63666422
746,2,-90.22728858,38.64587619
747,2,-90.2523572,38.60884553
748,2,-90.20516522,38.67801549
749,3,-90.28203417,38.66030269
750,3,-90.24978082,38.62696865
751,2,-90.22835347,38.6709735
752,2,-90.28453919,38.66814689
753,2,-90.27705163,38.67162564
754,2,-90.2063457,38.67381999
755,2,-90.28516561,38.67511988
756,2,-90.18307459,38.63061831
757,4,-90.25927504,38.57442589
758,6,-90.20504607,38.61396958
759,2,-90.24196566,38.66328284
760,2,-90.24437949,38.57549516
761,2,-90.23973592,38.60447133
762,2,-90.23897736,38.56675168
763,6,-90.25631632,38.55003132
764,3,-90.24079788,38.60683519
765,3,-90.24070146,38.58072112
766,2,-90.29640335,38.63022786
767,6,-90.21871279,38.58595902
768,2,-90.22877005,38.71019128
769,6,-90.21174804,38.59084906
770,2,-90.24077264,38.57765927
771,5,-90.25479603,38.63815241
772,2,-90.23392072,38.64877742
773,3,-90.21919455,38.67569953
774,2,-90.28256459,38.66487011
775,6,-90.25465771,38.65407842
776,3,-90.22577444,38.58257081
777,2,-90.30224618,38.6134383
778,8,-90.18649916,38.63386223
779,2,-90.22435557,38.58328966
780,5,-90.216653,38.64713875
781,2,-90.2041837,38.67307589
782,6,-90.20437403,38.64561184
783,5,-90.25813317,38.67013547
784,2,-90.25731094,38.62949977
785,8,-90.27435978,38.61067762
786,2,-90.22900343,38.72012915
787,3,-90.24758088,38.67005002
788,8,-90.25885889,38.55607934
789,2,-90.2658997,38.63735413
790,2,-90.30442426,38.61828853
791,2,-90.29911561,38.63024353
792,2,-90.23952964,38.60771381
793,2,-90.28820017,38.57526138
794,2,-90.24565217,38.61671196
795,3,-90.23803162,38.58042959
796,2,-90.25644676,38.55801052
797,2,-90.25294295,38.64345087
798,3,-90.24022378,38.69037825
799,3,-90.24512546,38.67877391
800,6,-90.24044765,38.59029839
801,2,-90.28372474,38.66539399
802,7,-90.23958251,38.58058683
803,2,-90.27203768,38.65999256
804,6,-90.28746069,38.66314645
805,2,-90.23098793,38.57818226
806,6,-90.23221138,38.59292967
807,6,-90.18965365,38.63631999
808,3,-90.27300977,38.66523639
809,2,-90.28506453,38.64987933
810,2,-90.25334726,38.71492194
811,3,-90.2286133,38.59577715
812,6,-90.26662005,38.6480866
813,2,-90.26670826,38.60380328
814,2,-90.26187855,38.64917541
815,2,-90.23103072,38.71218452
816,3,-90.23709724,38.71419731
817,4,-90.24443972,38.69823255
818,2,-90.23236465,38.6699448
819,2,-90.25808468,38.70836369
820,6,-90.25934116,38.64974411
821,6,-90.26155213,38.7028351
822,6,-90.24039439,38.69397026
823,6,-90.23330141,38.57983677
824,2,-90.25545325,38.69620492
825,2,-90.21123186,38.59253654
826,5,-90.29081908,38.61951714
827,2,-90.22933219,38.59870598
828,3,-90.22657845,38.63298796
829,6,-90.22931853,38.7238478
830,2,-90.20846087,38.65433486
831,2,-90.226543,38.59023378
832,2,-90.24751807,38.69012239
833,2,-90.27342801,38.62885934
834,2,-90.2811173,38.57404672
835,2,-90.24747334,38.66815786
836,3,-90.23084423,38.64064248
837,2,-90.25223449,38.59924
838,2,-90.24699634,38.63977237
839,6,-90.20807096,38.63443976
840,2,-90.27485999,38.5925005
841,2,-90.28496845,38.65437695
842,2,-90.27288539,38.69052313
843,2,-90.266779,38.67918978
844,3,-90.24013858,38.59907097
845,3,-90.26508325,38.54082803
846,2,-90.24049459,38.59903057
847,2,-90.25659304,38.6971409
848,2,-90.25768165,38.54882895
849,2,-90.21318654,38.66461623
850,2,-90.27728705,38.5922937
851,3,-90.2783291,38.6774027
852,3,-90.27004114,38.66371485
853,6,-90.23472737,38.58076265
854,2,-90.22755715,38.72708109
855,2,-90.18997364,38.63542567
856,3,-90.22727456,38.58653945
857,6,-90.25811952,38.64733068
858,2,-90.21693658,38.59942081
859,2,-90.25426363,38.62735434
860,2,-90.28071937,38.59172079
861,6,-90.26172916,38.57496528
862,2,-90.25791335,38.69307423
863,2,-90.27404456,38.59256483
864,2,-90.28495219,38.66836183
865,2,-90.21890418,38.62685735
866,2,-90.20133913,38.67181379
867,2,-90.20627714,38.63435015
868,2,-90.26841223,38.65882392
869,2,-90.29275914,38.66136013
870,2,-90.28955642,38.60663372
871,2,-90.27255884,38.68687869
872,2,-90.26053004,38.64351333
873,2,-90.19801242,38.63475198
874,6,-90.23277758,38.71600529
875,2,-90.24311202,38.59979148
876,2,-90.26810242,38.59129007
877,6,-90.21163866,38.67270184
878,2,-90.2329811,38.58726656
879,2,-90.25161609,38.71689256
880,8,-90.19170829,38.63102032
881,8,-90.1971397,38.6306638
882,5,-90.28808829,38.60250119
883,2,-90.25300633,38.62712653
884,2,-90.22428538,38.58362175
885,5,-90.27596504,38.58536592
886,8,-90.26440077,38.6284159
887,8,-90.2583007,38.61986363
888,3,-90.20885861,38.63505407
889,2,-90.29348792,38.63148038
890,2,-90.30498558,38.63318336
891,2,-90.26201527,38.58377045
892,2,-90.23946168,38.71396372
893,2,-90.30852117,38.61786145
894,2,-90.21151208,38.66618826
895,6,-90.2479539,38.71019301
896,6,-90.20723411,38.64609408
897,2,-90.1908785,38.62803606
898,2,-90.2521176,38.60952052
899,2,-90.20630652,38.63435572
900,6,-90.21860799,38.59452609
901,3,-90.23804441,38.60560162
902,2,-90.23224097,38.60408372
903,6,-90.25684269,38.64624889
904,2,-90.24579691,38.67374488
905,2,-90.18995175,38.62823406
906,2,-90.23925597,38.72167643
907,2,-90.25379077,38.64309844
908,2,-90.23314363,38.57662475
909,5,-90.26570888,38.54574483
910,2,-90.20055962,38.62970879
911,2,-90.26876663,38.58481097
912,2,-90.26961847,38.57364791
913,2,-90.19148489,38.62932001
914,2,-90.22657143,38.59233174
915,2,-90.24675466,38.7121757
916,2,-90.26403785,38.64568699
917,2,-90.24966095,38.64251578
918,2,-90.20105117,38.61072199
919,3,-90.19888561,38.61665313
920,3,-90.21635904,38.66059572
921,3,-90.27324992,38.68103951
922,2,-90.23037606,38.65299251
923,3,-90.22818507,38.65705687
924,6,-90.21054806,38.63542072
925,7,-90.27243183,38.59969839
926,3,-90.19985085,38.63337826
927,2,-90.19141351,38.63461944
928,6,-90.24917288,38.70775729
929,3,-90.2399485,38.66769928
930,2,-90.24280558,38.57966308
931,2,-90.18925315,38.61685311
932,2,-90.272006,38.66181029
933,3,-90.23854303,38.65987856
934,2,-90.24867473,38.58852874
935,2,-90.23472989,38.62513417
936,2,-90.25697966,38.64539794
937,2,-90.26320457,38.58434951
938,5,-90.26378317,38.57304096
939,5,-90.24642844,38.56599177
940,2,-90.22808802,38.60155063
941,2,-90.21367615,38.61305191
942,2,-90.21996751,38.652169
943,2,-90.2249926,38.68061198
944,2,-90.30973586,38.61474955
945,2,-90.26317551,38.613536
946,2,-90.19615374,38.63194908
947,3,-90.20506062,38.61716862
948,6,-90.19506289,38.63096321
949,5,-90.29740598,38.62424074
950,3,-90.26387785,38.66925754
951,2,-90.25731632,38.64565676
952,8,-90.19345611,38.62898195
953,7,-90.28253355,38.67374207
954,2,-90.25751848,38.66359071
955,2,-90.20209856,38.62918276
956,2,-90.26643565,38.57745572
957,2,-90.23408426,38.67528949
958,2,-90.30264299,38.61844755
959,2,-90.22817811,38.59863191
960,2,-90.27952257,38.64975643
961,2,-90.27933514,38.67683345
962,2,-90.20507053,38.61714118
963,2,-90.24535479,38.68088325
964,2,-90.24452881,38.61638
965,2,-90.2626333,38.65411409
966,6,-90.23215158,38.63828399
967,6,-90.2037811,38.60897703
968,7,-90.22941534,38.68012529
969,2,-90.24822283,38.59440408
970,2,-90.21228843,38.6788213
971,2,-90.26420868,38.54162425
972,6,-90.25071162,38.6429354
973,2,-90.27252704,38.60567373
974,2,-90.24070499,38.57215075
975,2,-90.26477358,38.58929263
976,3,-90.18974447,38.62296409
977,6,-90.25992625,38.69967126
978,2,-90.26773754,38.6101704
979,2,-90.22727668,38.65732935
980,7,-90.26377535,38.57361402
981,2,-90.18555369,38.63872819
982,3,-90.25495666,38.66510386
983,3,-90.25965057,38.62902956
984,6,-90.28400904,38.65014648
985,6,-90.29092155,38.62979257
986,2,-90.22069462,38.72791063
987,2,-90.24974308,38.68884484
988,2,-90.19672514,38.65004063
989,2,-90.28743686,38.62368211
990,2,-90.26422792,38.58957436
991,6,-90.24696276,38.58277231
992,3,-90.27738625,38.60616911
993,2,-90.24575002,38.62538105
994,2,-90.26390504,38.62960663
995,6,-90.23763407,38.58114265
996,2,-90.25249953,38.59308142
997,2,-90.28149454,38.58958041
998,2,-90.24587296,38.61672891
999,2,-90.27895796,38.64957688
1000,2,-90.23109172,38.60409756
1001,8,-90.19343812,38.62901485
1002,3,-90.22814278,38.66972363
1003,2,-90.27875374,38.66838596
1004,7,-90.2213073,38.66815611
1005,7,-90.281364,38.67488768
1006,5,-90.28409961,38.5830499
1007,2,-90.27744807,38.66089815
1008,6,-90.26699269,38.6989579
1009,6,-90.24043572,38.67923314
1010,2,-90.2507289,38.7031997
1011,2,-90.23243482,38.60192037
1012,2,-90.21498137,38.70323611
1013,2,-90.23243008,38.57811939
1014,2,-90.2286854,38.72461243
1015,6,-90.2777884,38.64754818
1016,2,-90.29967646,38.63110671
1017,3,-90.28954591,38.66710157
1018,3,-90.19768144,38.74742043
1019,3,-90.30160416,38.62785059
1020,2,-90.24650333,38.62865583
1021,2,-90.23662641,38.58348542
1022,3,-90.24593554,38.6403577
1023,3,-90.2057307,38.67311549
1024,2,-90.20091909,38.6538957
1025,2,-90.2069543,38.62667152
1026,3,-90.27853741,38.66402506
1027,6,-90.20332166,38.63028972
1028,2,-90.26794273,38.65824086
1029,2,-90.22953867,38.64277853
1030,2,-90.20751549,38.65112254
1031,6,-90.27733236,38.59314503
1032,2,-90.28672129,38.58292839
1033,3,-90.30080212,38.61800508
1034,2,-90.2801833,38.59346071
1035,2,-90.28004956,38.58672192
1036,2,-90.23641729,38.57312642
1037,2,-90.2301587,38.57832259
1038,6,-90.28706546,38.57299776
1039,2,-90.29649737,38.59026099
1040,2,-90.23822007,38.67086145
1041,2,-90.19583144,38.62868884
1042,3,-90.29277156,38.59477976
1043,2,-90.26017452,38.54164654
1044,2,-90.24554727,38.69933332
1045,2,-90.25622383,38.66819839
1046,6,-90.29298369,38.63128178
1047,6,-90.2380888,38.59040298
1048,2,-90.28290985,38.65155035
1049,2,-90.24389825,38.56246568
1050,2,-90.25741421,38.67269591
1051,2,-90.19977544,38.66009577
1052,2,-90.27550803,38.64637682
1053,2,-90.2292337,38.70656779
1054,2,-90.28565956,38.63056564
1055,2,-90.23551413,38.68004588
1056,2,-90.1978099,38.65379984
1057,2,-90.27859697,38.65605655
1058,6,-90.22691058,38.58408099
1059,2,-90.23842135,38.60828524
1060,6,-90.25231188,38.65335679
1061,2,-90.28326703,38.64934056
1062,2,-90.28010741,38.61386286
1063,3,-90.27267415,38.59098875
1064,2,-90.29320164,38.63145242
1065,2,-90.26206922,38.64064974
1066,6,-90.19028714,38.65206123
1067,2,-90.27516037,38.65263957
1068,3,-90.18613695,38.63150526
1069,2,-90.23830615,38.57794513
1070,2,-90.22091072,38.60272272
1071,2,-90.29850314,38.63031662
1072,6,-90.24759817,38.56154806
1073,2,-90.24833246,38.56650306
1074,6,-90.2326416,38.65838792
1075,7,-90.28539074,38.6629532
1076,2,-90.22375932,38.7272946
1077,2,-90.28681587,38.62286818
1078,3,-90.27675058,38.67100449
1079,6,-90.28343414,38.65315219
1080,2,-90.24475841,38.69867259
1081,6,-90.25501834,38.55548922
1082,2,-90.23002705,38.71077082
1083,2,-90.27668626,38.61331269
1084,3,-90.24225007,38.5877871
1085,6,-90.23602454,38.67317405
1086,2,-90.25011888,38.57704254
1087,5,-90.30413586,38.62510618
1088,2,-90.22804483,38.66191405
1089,2,-90.26833289,38.66649308
1090,2,-90.24849815,38.67847367
1091,2,-90.2691938,38.65797698
1092,3,-90.25513921,38.66518387
1093,2,-90.26580909,38.69872762
1094,2,-90.24698931,38.64774649
1095,2,-90.22719658,38.63985144
1096,2,-90.19046001,38.62058527
1097,2,-90.22542113,38.70368121
1098,2,-90.26366978,38.55971079
1099,3,-90.24921727,38.59036694
1100,8,-90.30071466,38.64934961
1101,2,-90.19966254,38.63403955
1102,2,-90.21130446,38.62637754
1103,2,-90.19872851,38.64115181
1104,3,-90.27097204,38.66734676
1105,2,-90.23919232,38.57375569
1106,2,-90.18164574,38.63146292
1107,2,-90.2932647,38.64362244
1108,8,-90.1864242,38.63363137
1109,2,-90.29606189,38.64300677
1110,8,-90.19460452,38.63165398
1111,3,-90.21293047,38.67304826
1112,2,-90.19773394,38.63020403
1113,2,-90.24585707,38.71179482
1114,3,-90.18199345,38.76935664
1115,2,-90.29141635,38.56323577
1116,2,-90.27162853,38.65219613
1117,2,-90.28851733,38.65147276
1118,3,-90.25090471,38.58934905
1119,2,-90.26276004,38.65337845
1120,2,-90.2392032,38.59067457
1121,2,-90.27063377,38.66194491
1122,2,-90.21639966,38.59919159
1123,2,-90.25285586,38.58558851
1124,2,-90.20162181,38.62858568
1125,3,-90.27583845,38.65382985
1126,2,-90.23241766,38.60050892
1127,7,-90.26609382,38.62006345
1128,2,-90.29162815,38.57660646
1129,2,-90.26640877,38.63507878
1130,2,-90.2352753,38.60893444
1131,6,-90.2323612,38.58404964
1132,2,-90.19865329,38.63102193
1133,2,-90.27746515,38.6705418
1134,6,-90.24856171,38.69414736
1135,6,-90.2597863,38.65318016
1136,3,-90.24256285,38.67871887
1137,2,-90.24073314,38.60741993
1138,8,-90.18896168,38.62971972
1139,2,-90.19978058,38.61194617
1140,2,-90.23319943,38.60833935
1141,2,-90.24585859,38.58190769
1142,3,-90.22453806,38.58652755
1143,6,-90.23512365,38.58773274
1144,3,-90.26556293,38.60379825
1145,3,-90.20107448,38.65298995
1146,2,-90.24256185,38.60021315
1147,7,-90.24983064,38.67597227
1148,2,-90.25440551,38.59005667
1149,2,-90.25196651,38.57939425
1150,2,-90.27231807,38.67739664
1151,2,-90.24643192,38.64356051
1152,4,-90.23186991,38.67281038
1153,6,-90.26058837,38.57436598
1154,6,-90.23659869,38.59500182
1155,3,-90.23663135,38.69043887
1156,6,-90.2321585,38.67197354
1157,2,-90.22180393,38.60883729
1158,3,-90.25661836,38.62674967
1159,6,-90.20222091,38.6089923
1160,3,-90.27214322,38.57753397
1161,2,-90.21329401,38.67727509
1162,2,-90.24151979,38.58176913
1163,3,-90.19975953,38.63193917
1164,3,-90.27055034,38.59628701
1165,2,-90.24661944,38.59834104
1166,2,-90.2271487,38.66152479
1167,3,-90.22686716,38.67893863
1168,3,-90.24500879,38.61574674
1169,6,-90.28891384,38.56304044
1170,2,-90.25860711,38.67753116
1171,3,-90.29747253,38.60891308
1172,6,-90.29114311,38.57655726
1173,2,-90.20599994,38.62798991
1174,5,-90.19012168,38.62673524
1175,2,-90.22988226,38.7170256
1176,2,-90.26238264,38.6562142
1177,2,-90.19243226,38.63117874
1178,2,-90.24634382,38.71279812
1179,8,-90.18693843,38.63355861
1180,2,-90.25174481,38.66262852
1181,2,-90.25578555,38.67730563
1182,2,-90.22744491,38.72414549
1183,2,-90.19501289,38.62185761
1184,2,-90.22445835,38.63573988
1185,2,-90.19505344,38.63096318
1186,6,-90.21418681,38.6630288
1187,2,-90.22205372,38.63479509
1188,2,-90.21351544,38.66636617
1189,6,-90.2344047,38.64202357
1190,3,-90.23143056,38.6767772
1191,3,-90.18549852,38.6397358
1192,2,-90.24243591,38.60020463
1193,2,-90.23579866,38.67058965
1194,3,-90.22818467,38.59299727
1195,2,-90.23346934,38.58352495
1196,3,-90.22692174,38.61280897
1197,6,-90.2324558,38.67095824
1198,3,-90.25750716,38.59398983
1199,2,-90.25149852,38.58049191
1200,3,-90.2252783,38.6810163
1201,2,-90.24684183,38.67651501
1202,3,-90.20523162,38.61669126
1203,2,-90.23166919,38.6769425
1204,2,-90.26758612,38.65524162
1205,2,-90.26877043,38.65535655
1206,2,-90.2667484,38.65720603
1207,2,-90.26742292,38.65632593
1208,6,-90.24406591,38.59357952
1209,3,-90.22404083,38.6401763
1210,2,-90.26680186,38.65681072
1211,6,-90.23391001,38.58222987
1212,5,-90.23063923,38.59417821
1213,2,-90.22263161,38.60455835
1214,2,-90.24919089,38.69487638
1215,3,-90.29584199,38.56322133
1216,6,-90.18991102,38.63907208
1217,2,-90.23582221,38.7224815
1218,2,-90.30069249,38.65583542
1219,2,-90.25104935,38.70961752
1220,6,-90.23886899,38.57765696
1221,6,-90.18952957,38.64016943
1222,2,-90.26508958,38.65375934
1223,2,-90.29181301,38.58260805
1224,2,-90.2555708,38.60030694
1225,1,-90.19443538,38.62325378
1226,2,-90.26408518,38.65314498
1227,2,-90.22324453,38.67024759
1228,2,-90.21740458,38.68443265
1229,2,-90.2461681,38.57596834
1230,2,-90.26190663,38.5390933
1231,2,-90.26423091,38.65654471
1232,2,-90.24059249,38.57289164
1233,2,-90.29668898,38.6555155
1234,2,-90.25249749,38.5658466
1235,2,-90.25060029,38.55526488
1236,2,-90.28118148,38.65878261
1237,2,-90.29581884,38.57325857
1238,2,-90.23060258,38.6476742
1239,2,-90.21581074,38.59910779
1240,2,-90.29322011,38.62477711
1241,2,-90.22745366,38.60329557
1242,6,-90.22078627,38.63916082
1243,2,-90.28812849,38.6173897
1244,5,-90.27869893,38.61664183
1245,2,-90.26885235,38.6598298
1246,3,-90.2832361,38.67853771
1247,2,-90.25089461,38.56330511
1248,2,-90.30175588,38.59027825
1249,2,-90.27379587,38.67264087
1250,2,-90.30374057,38.5797866
1251,2,-90.28488499,38.67115703
1252,2,-90.24477287,38.68710967
1253,6,-90.22908585,38.66252057
1254,3,-90.3164711,38.58903638
1255,2,-90.26281298,38.63477224
1256,7,-90.2044493,38.66760124
1257,2,-90.23550558,38.59968392
1258,6,-90.29261521,38.5995025
1259,2,-90.27704802,38.56594838
1260,3,-90.26985564,38.59107386
1261,2,-90.25626975,38.65868118
1262,6,-90.25339397,38.59355287
1263,6,-90.27660769,38.66175602
1264,6,-90.21631941,38.69060554
1265,2,-90.22764961,38.6096858
1266,6,-90.28618675,38.56947365
1267,2,-90.26622676,38.62806259
1268,3,-90.2546419,38.70446834
1269,2,-90.25892653,38.60114318
1270,6,-90.29397449,38.63136866
1271,2,-90.27754736,38.66536867
1272,6,-90.19723174,38.64082393
1273,2,-90.20228711,38.6326019
1274,2,-90.22929174,38.59596819
1275,6,-90.27257315,38.5997124
1276,2,-90.26560817,38.6821283
1277,3,-90.18464724,38.76416044
1278,3,-90.20976158,38.61818538
1279,2,-90.23843542,38.65393343
1280,6,-90.27899746,38.65302033
1281,2,-90.26986223,38.65373862
1282,3,-90.22614001,38.71769238
1283,2,-90.24141407,38.69618296
1284,2,-90.19731672,38.65948808
1285,2,-90.19874695,38.64377145
1286,2,-90.23344086,38.59822938
1287,2,-90.29270919,38.61305659
1288,2,-90.27456678,38.67097559
1289,2,-90.21719982,38.61945299
1290,2,-90.23398611,38.59042942
1291,2,-90.2516028,38.70979443
1292,2,-90.19892077,38.61117236
1293,8,-90.26215916,38.64458207
1294,3,-90.20657852,38.67745064
1295,2,-90.27559635,38.66969524
1296,2,-90.18582883,38.63208108
1297,2,-90.24931737,38.64023319
1298,2,-90.24533757,38.70165039
1299,2,-90.26085929,38.58222213
1300,6,-90.26489181,38.54174754
1301,4,-90.23954467,38.57760163
1302,2,-90.19874736,38.66006292
1303,2,-90.2491877,38.55983635
1304,2,-90.26727561,38.59315018
1305,2,-90.24767528,38.66880084
1306,6,-90.23362464,38.65649
1307,2,-90.26555608,38.67973103
1308,2,-90.26685034,38.66356849
1309,2,-90.29229894,38.57567979
1310,2,-90.2027135,38.60699451
1311,2,-90.23959168,38.58240741
1312,2,-90.24109511,38.7150657
1313,2,-90.24650239,38.64631756
1314,8,-90.19703053,38.63306345
1315,2,-90.25360635,38.67148799
1316,2,-90.21681073,38.60838322
1317,2,-90.22351383,38.60437097
1318,2,-90.19523874,38.63688935
1319,3,-90.20462768,38.68308855
1320,2,-90.22465371,38.67644292
1321,5,-90.23175259,38.5983134
1322,2,-90.23390169,38.63261767
1323,3,-90.26731525,38.679427
1324,2,-90.23634686,38.6698138
1325,3,-90.26517709,38.65848797
1326,6,-90.26574503,38.57910026
1327,3,-90.25048213,38.67749763
1328,2,-90.21235992,38.64029095
1329,2,-90.2436663,38.56307697
1330,2,-90.2402295,38.6703854
1331,7,-90.2543039,38.70431935
1332,2,-90.20458844,38.65854286
1333,2,-90.20056342,38.65243946
1334,2,-90.26447306,38.65938172
1335,2,-90.26441068,38.65554556
1336,3,-90.23140989,38.68521254
1337,2,-90.25049918,38.58187648
1338,2,-90.21893831,38.67556711
1339,2,-90.24551759,38.5658212
1340,2,-90.29561683,38.65165013
1341,3,-90.26154392,38.66234411
1342,6,-90.19289271,38.64477222
1343,2,-90.19974949,38.61461788
1344,2,-90.24497308,38.5878672
1345,7,-90.26115834,38.60230379
1346,2,-90.27921326,38.66941655
1347,2,-90.26467006,38.66349823
1348,3,-90.20669767,38.61869123
1349,3,-90.26607898,38.66577192
1350,6,-90.259904,38.67204752
1351,2,-90.22956456,38.59440913
1352,2,-90.25584741,38.56946703
1353,3,-90.26958547,38.66033649
1354,2,-90.24076033,38.69266677
1355,3,-90.20180041,38.65315381
1356,2,-90.26647344,38.66692873
1357,2,-90.18416898,38.63028078
1358,2,-90.22829279,38.7245264
1359,6,-90.26435815,38.70020474
1360,2,-90.23393457,38.60467796
1361,2,-90.24150598,38.56317272
1362,7,-90.25055871,38.5961198
1363,3,-90.21545875,38.6584435
1364,2,-90.26154499,38.66233587
1365,2,-90.22686923,38.65912697
1366,2,-90.24127132,38.61006545
1367,6,-90.23700357,38.71890903
1368,2,-90.22603982,38.67303851
1369,2,-90.22775479,38.60315348
1370,5,-90.28351457,38.5767974
1371,2,-90.22034653,38.6080677
1372,2,-90.30079175,38.59795975
1373,2,-90.25352909,38.65233788
1374,2,-90.25041248,38.65498382
1375,2,-90.27605679,38.60572173
1376,2,-90.23030837,38.67067048
1377,8,-90.1871217,38.64028384
1378,6,-90.30737533,38.5843207
1379,2,-90.23568407,38.66717624
1380,2,-90.24835134,38.59397324
1381,2,-90.20641791,38.66634583
1382,2,-90.237771,38.57196326
1383,7,-90.23416133,38.68210498
1384,7,-90.24134259,38.69297285
1385,6,-90.21500612,38.64637962
1386,5,-90.26196259,38.58966039
1387,2,-90.22847719,38.67225063
1388,2,-90.2030563,38.63368575
1389,3,-90.27270679,38.68385575
1390,2,-90.23273264,38.71254264
1391,3,-90.1944927,38.64513063
1392,3,-90.2504787,38.69633994
1393,2,-90.20203852,38.64723973
1394,2,-90.19041266,38.62736483
1395,3,-90.25195586,38.58716826
1396,2,-90.21198818,38.66720542
1397,3,-90.25460535,38.56381876
1398,2,-90.22184743,38.63608518
1399,2,-90.2609088,38.56464954
1400,2,-90.23344974,38.60453132
1401,2,-90.22794875,38.60247843
1402,8,-90.1951437,38.62444461
1403,3,-90.23068856,38.59736361
1404,2,-90.25329241,38.615759
1405,2,-90.1921906,38.63415193
1406,2,-90.26770151,38.66570101
1407,6,-90.22417924,38.67758409
1408,3,-90.2511456,38.57763895
1409,2,-90.19840207,38.64477557
1410,2,-90.25341627,38.61577025
1411,2,-90.29559087,38.61184796
1412,2,-90.24658293,38.56751364
1413,2,-90.21033198,38.66709424
1414,7,-90.22819096,38.66374316
1415,2,-90.23279755,38.63742874
1416,6,-90.29948817,38.5887147
1417,2,-90.29908948,38.59142151
1418,2,-90.25271463,38.59310384
1419,3,-90.26817873,38.60977311
1420,2,-90.26470276,38.5693929
1421,2,-90.24332479,38.59398979
1422,2,-90.18933171,38.63012161
1423,2,-90.25991282,38.63005982
1424,3,-90.24155189,38.58638238
1425,2,-90.29186374,38.62682591
1426,3,-90.19436968,38.63296042
1427,3,-90.27066362,38.688377
1428,6,-90.23888836,38.69381039
1429,3,-90.19925534,38.6395825
1430,2,-90.2683135,38.66816255
1431,6,-90.21285641,38.66072173
1432,2,-90.30332588,38.59510552
1433,6,-90.25042703,38.66511899
1434,2,-90.26870383,38.65700946
1435,2,-90.27985002,38.67662024
1436,2,-90.23899932,38.7166866
1437,2,-90.22797932,38.6108783
1438,2,-90.27852437,38.5914503
1439,2,-90.20465461,38.60983048
1440,2,-90.30513164,38.61802061
1441,2,-90.19483867,38.62844461
1442,8,-90.20271268,38.62373092
1443,7,-90.26202538,38.5508015
1444,5,-90.25003184,38.57318897
1445,2,-90.19401764,38.62419728
1446,2,-90.27516767,38.68401702
1447,2,-90.24738006,38.6961905
1448,8,-90.19665902,38.63075592
1449,5,-90.272212,38.60913299
1450,2,-90.23958069,38.62834132
1451,6,-90.24362516,38.71988754
1452,2,-90.24362579,38.67622793
1453,6,-90.20691436,38.61799431
1454,3,-90.24801258,38.68178692
1455,3,-90.2088688,38.63063042
1456,2,-90.27672623,38.5519368
1457,2,-90.25512128,38.6952212
1458,2,-90.22008243,38.60939061
1459,6,-90.23913964,38.5732344
1460,2,-90.22607961,38.59239375
1461,2,-90.23834079,38.6052206
1462,2,-90.2307978,38.72008937
1463,6,-90.25142349,38.60296451
1464,2,-90.19481271,38.62151934
1465,6,-90.25450562,38.58706106
1466,2,-90.23437193,38.57630325
1467,2,-90.24286766,38.58746718
1468,3,-90.26683933,38.65227455
1469,2,-90.24210466,38.60241712
1470,2,-90.23190253,38.63409041
1471,2,-90.25653929,38.62725475
1472,3,-90.24159728,38.60055975
1473,2,-90.18838453,38.63996594
1474,6,-90.25420803,38.61451977
1475,2,-90.22296152,38.58537054
1476,2,-90.24916994,38.5864731
1477,2,-90.23138665,38.63967991
1478,3,-90.23543634,38.58298846
1479,2,-90.2898932,38.59411011
1480,3,-90.24831479,38.57196938
1481,6,-90.26284098,38.58906081
1482,3,-90.19655324,38.64555063
1483,7,-90.20075922,38.6655544
1484,2,-90.19955869,38.63250157
1485,2,-90.24273342,38.59096796
1486,3,-90.23367364,38.58021107
1487,2,-90.28579836,38.59260615
1488,2,-90.18888275,38.64530806
1489,2,-90.20453365,38.61133494
1490,2,-90.25659803,38.60925533
1491,3,-90.20224581,38.62498187
1492,2,-90.225655,38.59437807
1493,6,-90.27814927,38.65406217
1494,2,-90.18596364,38.63127139
1495,2,-90.20556025,38.64040584
1496,2,-90.27736501,38.61009849
1497,7,-90.26980673,38.65685786
1498,6,-90.22926615,38.5877825
1499,6,-90.28971948,38.66511934
1500,2,-90.2781315,38.67786913
1501,8,-90.19871877,38.63185412
1502,6,-90.23060937,38.61714236
1503,2,-90.24433071,38.59635899
1504,2,-90.25908568,38.641234
1505,2,-90.25611159,38.56912543
1506,2,-90.18475368,38.63073818
1507,2,-90.22316769,38.63707135
1508,5,-90.24410882,38.57941825
1509,2,-90.20220306,38.63421629
1510,2,-90.19472748,38.64772888
1511,2,-90.21596234,38.64141734
1512,2,-90.30838647,38.58902067
1513,2,-90.29113718,38.62364209
1514,2,-90.22824232,38.58726389
1515,2,-90.23792471,38.71323537
1516,2,-90.20067381,38.62085074
1517,2,-90.23608684,38.60903513
1518,3,-90.20097737,38.64535058
1519,2,-90.22615103,38.65101388
1520,6,-90.20115747,38.63005905
1521,2,-90.24999066,38.56962793
1522,3,-90.22666381,38.64093209
1523,1,-90.25631559,38.67697997
1524,2,-90.25726641,38.67310474
1525,2,-90.21930372,38.59035394
1526,2,-90.23938198,38.71863428
1527,2,-90.28166896,38.60938717
1528,2,-90.26467867,38.66729034
1529,2,-90.26781141,38.55725046
1530,2,-90.24877249,38.61187214
1531,2,-90.25776774,38.56433362
1532,2,-90.25203243,38.69742238
1533,6,-90.20250971,38.62024309
1534,2,-90.19047065,38.63040471
1535,2,-90.21799823,38.59271231
1536,3,-90.25300538,38.66718115
1537,7,-90.22824439,38.5867147
1538,6,-90.24143436,38.60558994
1539,2,-90.2692889,38.67930734
1540,3,-90.18352984,38.63050147
1541,3,-90.26709212,38.58258343
1542,2,-90.2026151,38.64031876
1543,2,-90.23534029,38.68197036
1544,2,-90.23587922,38.66792082
1545,6,-90.24874041,38.60872798
1546,3,-90.26157749,38.54760978
1547,2,-90.25479742,38.70243671
1548,2,-90.26020757,38.7028351
1549,6,-90.29873893,38.65878667
1550,3,-90.24981746,38.56904103
1551,2,-90.25689133,38.67246691
1552,2,-90.19487181,38.62896643
1553,2,-90.26100988,38.64261914
1554,2,-90.29109998,38.62620946
1555,2,-90.18469996,38.631095
1556,2,-90.20205574,38.64198136
1557,3,-90.24534487,38.55797509
1558,3,-90.24007453,38.58568439
1559,2,-90.2287921,38.71984584
1560,6,-90.2703253,38.66850152
1561,2,-90.24998883,38.64337595
1562,6,-90.27361592,38.68428862
1563,2,-90.2553071,38.59768952
1564,2,-90.2543425,38.66587966
1565,3,-90.29525974,38.63058009
1566,3,-90.23007728,38.66271782
1567,6,-90.26301401,38.54928307
1568,6,-90.25709765,38.69691953
1569,2,-90.27415762,38.67980013
1570,2,-90.27500046,38.61497349
1571,2,-90.2035552,38.61990524
1572,3,-90.25708536,38.62902152
1573,2,-90.23471976,38.63719422
1574,6,-90.21961571,38.60611909
1575,2,-90.21692583,38.58709977
1576,3,-90.26417307,38.67471698
1577,2,-90.20514772,38.65700382
1578,6,-90.22580837,38.60142998
1579,2,-90.2036287,38.61046494
1580,3,-90.23466645,38.58106182
1581,2,-90.20160443,38.60912528
1582,3,-90.23748224,38.66793816
1583,2,-90.28803483,38.65466812
1584,2,-90.25866684,38.59018361
1585,3,-90.24120854,38.57296934
1586,2,-90.20619043,38.60755523
1587,2,-90.24352553,38.59077199
1588,2,-90.30514592,38.59824992
1589,2,-90.22082199,38.60485061
1590,6,-90.23396714,38.68734096
1591,6,-90.23245139,38.58048562
1592,2,-90.23156058,38.70722942
1593,2,-90.25568528,38.71327932
1594,2,-90.24356348,38.59259263
1595,3,-90.19930055,38.60922922
1596,2,-90.24670528,38.650349
1597,6,-90.19597077,38.63390919
1598,6,-90.2595696,38.70153773
1599,2,-90.26222723,38.65121084
1600,3,-90.23801755,38.60153484
1601,2,-90.30057968,38.62452078
1602,2,-90.27268069,38.5923535
1603,6,-90.24293004,38.67987295
1604,2,-90.29094293,38.60506553
1605,3,-90.23716889,38.68121936
1606,2,-90.24809958,38.58742089
1607,2,-90.25157929,38.62831249
1608,2,-90.26120784,38.64627161
1609,2,-90.22215102,38.61529928
1610,2,-90.22535651,38.635234
1611,6,-90.24693702,38.69424546
1612,2,-90.29045814,38.58693049
1613,2,-90.21364971,38.63528007
1614,3,-90.23524307,38.66766127
1615,2,-90.19766359,38.64070148
1616,2,-90.21643419,38.63495734
1617,2,-90.20560243,38.61844958
1618,6,-90.24853064,38.5753707
1619,3,-90.27409361,38.64777725
1620,2,-90.25227239,38.67030992
1621,6,-90.24252179,38.63168687
1622,3,-90.23739502,38.5730089
1623,3,-90.24367191,38.71474736
1624,3,-90.21813501,38.65995748
1625,3,-90.23428567,38.58044312
1626,3,-90.19040816,38.63533072
1627,2,-90.26738429,38.55283824
1628,6,-90.19691378,38.63210757
1629,3,-90.24262909,38.60862134
1630,6,-90.25586398,38.71143446
1631,3,-90.21885535,38.59300269
1632,6,-90.25751091,38.55708267
1633,2,-90.20144083,38.63305831
1634,2,-90.27038623,38.6867042
1635,2,-90.29197469,38.60101986
1636,2,-90.24075839,38.58444474
1637,3,-90.24642342,38.69452717
1638,2,-90.2205438,38.60953999
1639,6,-90.21865776,38.63903491
1640,6,-90.25268654,38.6710824
1641,5,-90.23607504,38.67449495
1642,2,-90.20455345,38.63397786
1643,3,-90.2612874,38.65352922
1644,3,-90.25610051,38.71288753
1645,2,-90.18577494,38.631194
1646,3,-90.2657212,38.67947874
1647,2,-90.26112795,38.64428341
1648,2,-90.25606583,38.70133277
1649,6,-90.18890892,38.63674363
1650,2,-90.256398,38.646561
1651,2,-90.21919143,38.67156694
1652,3,-90.25727626,38.54844835
1653,6,-90.20563656,38.63544416
1654,2,-90.23264937,38.59643723
1655,3,-90.22583711,38.60748757
1656,2,-90.27064678,38.65149675
1657,2,-90.19161113,38.62101393
1658,2,-90.25740273,38.63976146
1659,6,-90.25253602,38.69831586
1660,3,-90.25899279,38.55661535
1661,2,-90.22693463,38.6136575
1662,7,-90.22468178,38.60715535
1663,2,-90.22413766,38.58419531
1664,5,-90.26976778,38.66333538
1665,3,-90.25934707,38.70143842
1666,2,-90.18648966,38.63009481
1667,2,-90.23034353,38.7111395
1668,6,-90.22482939,38.61313084
1669,2,-90.25834601,38.5772394
1670,2,-90.20023573,38.59751748
1671,4,-90.24243109,38.71195207
1672,2,-90.23051467,38.70634833
1673,6,-90.24119586,38.59433932
1674,2,-90.20544356,38.63256046
1675,2,-90.24454718,38.59066713
1676,6,-90.21683299,38.64099658
1677,6,-90.20606448,38.63430294
1678,2,-90.20804429,38.63384933
1679,6,-90.21564526,38.61018447
1680,2,-90.20717881,38.63559082
1681,2,-90.25830342,38.62614631
1682,2,-90.27664249,38.66926888
1683,6,-90.22501243,38.60286149
1684,2,-90.23933991,38.5867317
1685,6,-90.21948749,38.58988208
1686,2,-90.19431038,38.62417059
1687,6,-90.19763584,38.62413804
1688,2,-90.26647918,38.61445154
1689,6,-90.25596984,38.56905045
1690,2,-90.2026985,38.6588566
1691,6,-90.25644778,38.70484281
1692,3,-90.27488069,38.67195923
1693,3,-90.23415999,38.5810387
1694,2,-90.28469864,38.63570973
1695,2,-90.21893211,38.62203284
1696,2,-90.2558334,38.54972716
1697,2,-90.26709556,38.62017254
1698,2,-90.19495694,38.65050833
1699,3,-90.28960762,38.66755751
1700,2,-90.2020632,38.6274088
1701,2,-90.25302707,38.6588254
1702,2,-90.24766389,38.63990562
1703,6,-90.2402463,38.60491181
1704,3,-90.20157758,38.63080976
1705,2,-90.21016842,38.60127697
1706,7,-90.23134785,38.68240884
1707,3,-90.22300645,38.67540382
1708,2,-90.19412385,38.62943402
1709,2,-90.29466589,38.6394621
1710,2,-90.24175124,38.57272285
1711,3,-90.27767762,38.59135259
1712,2,-90.25780572,38.60666293
1713,2,-90.27333057,38.61210901
1714,2,-90.19046702,38.63735461
1715,2,-90.29303583,38.65684909
1716,2,-90.21102243,38.60262458
1717,2,-90.2179813,38.6587901
1718,2,-90.27663395,38.58480153
1719,6,-90.25340549,38.63813301
1720,2,-90.23847236,38.59924575
1721,3,-90.18773911,38.6374215
1722,3,-90.21263025,38.66289318
1723,2,-90.23836402,38.68991554
1724,2,-90.23933536,38.61933415
1725,2,-90.22861632,38.64680465
1726,2,-90.24705475,38.70399361
1727,2,-90.28577413,38.62888535
1728,2,-90.23022111,38.70753387
1729,2,-90.23287886,38.66003875
1730,3,-90.27571666,38.67749932
1731,2,-90.2417631,38.69743585
1732,3,-90.22877845,38.71900557
1733,2,-90.19920502,38.63143524
1734,2,-90.18960518,38.6248282
1735,2,-90.24162081,38.68176199
1736,2,-90.21966198,38.67494278
1737,3,-90.23070179,38.65634327
1738,3,-90.23438187,38.66916407
1739,3,-90.24537091,38.58726122
1740,2,-90.21927272,38.63719662
1741,2,-90.25317508,38.63753392
1742,4,-90.26303849,38.59432792
1743,2,-90.21337386,38.6348373
1744,6,-90.29552355,38.59104738
1745,2,-90.25008697,38.64122886
1746,6,-90.2742171,38.57556805
1747,2,-90.24180926,38.58680582
1748,2,-90.22974178,38.66849168
1749,3,-90.22465076,38.58459193
1750,2,-90.24524372,38.66181273
1751,4,-90.26143624,38.70132738
1752,3,-90.22654241,38.67341862
1753,2,-90.26248348,38.6521889
1754,2,-90.18554343,38.63859087
1755,2,-90.24316572,38.60956437
1756,2,-90.24738669,38.61174559
1757,2,-90.30846745,38.61331959
1758,4,-90.2530802,38.66783208
1759,2,-90.26434861,38.65493035
1760,2,-90.2386011,38.59606899
1761,6,-90.23038197,38.59598169
1762,7,-90.22883265,38.66938748
1763,2,-90.25242234,38.59874612
1764,3,-90.23356267,38.59263344
1765,2,-90.27300951,38.55869432
1766,2,-90.21424123,38.68775024
1767,2,-90.22189479,38.70306054
1768,2,-90.22643474,38.64675838
1769,5,-90.24877781,38.67372935
1770,3,-90.25268582,38.71606557
1771,6,-90.23254854,38.61653172
1772,3,-90.23978984,38.674182
1773,2,-90.25445003,38.62761285
1774,3,-90.22027707,38.65793065
1775,6,-90.24723693,38.59437724
1776,6,-90.28488657,38.67648134
1777,2,-90.20322983,38.61061221
1778,2,-90.2399938,38.66049962
1779,2,-90.2654129,38.66499898
1780,2,-90.23122083,38.70999099
1781,6,-90.23924782,38.57272389
1782,6,-90.20344778,38.6609344
1783,6,-90.21004596,38.67053414
1784,2,-90.29516759,38.65200906
1785,3,-90.22462185,38.65339374
1786,7,-90.19898383,38.65552455
1787,6,-90.26206756,38.66846305
1788,6,-90.287884,38.66556087
1789,2,-90.20761892,38.62902918
1790,2,-90.23164455,38.58757654
1791,2,-90.21610703,38.6081893
1792,8,-90.18791983,38.62957416
1793,3,-90.28415978,38.66747893
1794,3,-90.19848946,38.64205185
1795,2,-90.24764754,38.72027797
1796,2,-90.25143506,38.56947037
1797,6,-90.25001345,38.67175495
1798,2,-90.2474629,38.70929954
1799,6,-90.22846976,38.60536562
1800,2,-90.2442552,38.57177853
1801,6,-90.23513896,38.58766138
1802,2,-90.19367244,38.63326065
1803,2,-90.26245726,38.57172434
1804,6,-90.22980045,38.60699154
1805,3,-90.22153553,38.67650693
1806,6,-90.23470864,38.58747094
1807,2,-90.22896577,38.71571644
1808,2,-90.25295449,38.67577296
1809,2,-90.24291639,38.58419962
1810,2,-90.21685784,38.59256402
1811,3,-90.2397318,38.65092955
1812,2,-90.20316059,38.63369425
1813,6,-90.20469891,38.60772996
1814,8,-90.194342,38.62884148
1815,2,-90.24034451,38.62756592
1816,2,-90.23171417,38.60900871
1817,2,-90.21755361,38.60733332
1818,6,-90.25524266,38.5896685
1819,2,-90.2507447,38.5850321
1820,2,-90.22390318,38.60522587
1821,2,-90.22877874,38.59160921
1822,2,-90.25826727,38.63837107
1823,3,-90.24429329,38.56290672
1824,2,-90.30663283,38.61749588
1825,2,-90.22648139,38.59807877
1826,2,-90.24616871,38.61653185
1827,3,-90.2569237,38.62941659
1828,8,-90.18959048,38.63018545
1829,3,-90.19817945,38.64592828
1830,2,-90.27354181,38.6907935
1831,2,-90.25037079,38.57924999
1832,3,-90.24663848,38.57290982
1833,2,-90.2339536,38.63335094
1834,2,-90.22154024,38.59366813
1835,2,-90.24776029,38.64036988
1836,2,-90.25968184,38.66547337
1837,2,-90.22991951,38.58128986
1838,2,-90.26540955,38.57641323
1839,2,-90.2473479,38.6994553
1840,2,-90.2338776,38.67339435
1841,3,-90.25046245,38.59127851
1842,2,-90.28007607,38.61472777
1843,7,-90.23397685,38.57340291
1844,2,-90.22914592,38.70661426
1845,3,-90.23495828,38.5885589
1846,2,-90.28754148,38.6508559
1847,6,-90.2554114,38.60325025
1848,2,-90.1910237,38.63571952
1849,2,-90.28292398,38.5897341
1850,6,-90.26492456,38.67938652
1851,3,-90.2488269,38.56593296
1852,2,-90.24434143,38.71520739
1853,2,-90.24432881,38.67889024
1854,3,-90.20699854,38.67169081
1855,2,-90.2706917,38.67035572
1856,2,-90.2710258,38.58583965
1857,6,-90.2030099,38.66613403
1858,6,-90.28131027,38.66560642
1859,3,-90.22706925,38.59521065
1860,3,-90.23785909,38.65526116
1861,3,-90.26318597,38.63813125
1862,6,-90.24555151,38.61538546
1863,2,-90.23255069,38.60332106
1864,2,-90.20021173,38.6326323
1865,3,-90.28524798,38.6512993
1866,2,-90.24876145,38.60861544
1867,3,-90.22176363,38.61963418
1868,2,-90.29308896,38.59707867
1869,3,-90.21554839,38.66021757
1870,2,-90.24113644,38.71487907
1871,3,-90.21875102,38.67142035
1872,2,-90.19566968,38.62994056
1873,6,-90.22436547,38.6028435
1874,6,-90.24087267,38.57435337
1875,2,-90.24678498,38.59255296
1876,2,-90.1942196,38.61513077
1877,2,-90.23690502,38.58143483
1878,6,-90.27125144,38.69356788
1879,6,-90.24833985,38.58744338
1880,8,-90.26639866,38.61855929
1881,2,-90.24605323,38.56656541
1882,2,-90.26890466,38.5504594
1883,2,-90.30487357,38.61018329
1884,3,-90.29034768,38.65422745
1885,3,-90.25934989,38.67769195
1886,3,-90.22619081,38.60364685
1887,2,-90.20383494,38.6424362
1888,2,-90.27415642,38.67159812
1889,2,-90.24432602,38.56926504
1890,3,-90.20201453,38.62944066
1891,6,-90.24826891,38.69831225
1892,6,-90.20557865,38.66790614
1893,2,-90.24091792,38.57938102
1894,2,-90.2353686,38.66981159
1895,2,-90.2420143,38.59080711
1896,2,-90.2432045,38.61625903
1897,3,-90.27263573,38.66501324
1898,3,-90.26389538,38.65549235
1899,2,-90.25939595,38.63105552
1900,5,-90.25727602,38.63840197
1901,2,-90.24297717,38.57332911
1902,2,-90.23646436,38.68046815
1903,5,-90.25163156,38.65911626
1904,2,-90.24208062,38.61636914
1905,2,-90.22290996,38.60970763
1906,2,-90.19742347,38.62844584
1907,2,-90.19839326,38.62933253
1908,2,-90.24666763,38.56998792
1909,2,-90.22780114,38.66134234
1910,2,-90.25403163,38.5519553
1911,3,-90.28182209,38.56943649
1912,2,-90.25105384,38.71095203
1913,2,-90.19971432,38.66928065
1914,2,-90.25156853,38.65353919
1915,3,-90.26795426,38.65238935
1916,3,-90.24354098,38.69223905
1917,2,-90.22486679,38.58812097
1918,2,-90.2362438,38.59043728
1919,3,-90.23835962,38.64252126
1920,3,-90.25588364,38.5549314
1921,3,-90.23864567,38.60799742
1922,3,-90.2506845,38.719112
1923,6,-90.27647029,38.64815801
1924,6,-90.25186229,38.58782435
1925,2,-90.22366521,38.72833781
1926,5,-90.2320071,38.65047551
1927,2,-90.23400643,38.59573187
1928,2,-90.24977666,38.70454865
1929,2,-90.20689047,38.67774798
1930,3,-90.22028634,38.67022133
1931,2,-90.24996408,38.57840694
1932,3,-90.24796485,38.57411541
1933,2,-90.23182073,38.57783242
1934,3,-90.26907997,38.57545176
1935,2,-90.24533618,38.60095513
1936,5,-90.19802688,38.62938375
1937,2,-90.23772058,38.58957837
1938,3,-90.18564144,38.61951525
1939,6,-90.29984774,38.65247024
1940,7,-90.23674826,38.5710927
1941,2,-90.20180759,38.654211
1942,4,-90.23338553,38.66846709
1943,2,-90.19538466,38.62507405
1944,6,-90.200735,38.63290823
1945,3,-90.25974677,38.67769277
1946,2,-90.19110064,38.63549181
1947,2,-90.26429648,38.58433524
1948,6,-90.29784809,38.59168298
1949,2,-90.28900323,38.65426348
1950,3,-90.19877342,38.62540135
